{
  "type": "minecraft:entity",
  "pools": [
    {
      "rolls": 1,
      "entries": [
        {
          "type": "minecraft:loot_table",
          "name": "vanilla:entities/turtle"
        }
      ]
    },
    {
      "rolls": 1,
      "entries": [
        {
          "type": "item",
          "name": "minecraft:player_head",
          "weight": 1,
          "functions": [
            {
              "function": "set_nbt",
              "tag": "{SkullOwner:{Id:[I;-630254624,-837990550,-1118417637,-2131664733],Name:\"Turtle\",Properties:{textures:[{Value:\"eyJ0ZXh0dXJlcyI6eyJTS0lOIjp7InVybCI6Imh0dHA6Ly90ZXh0dXJlcy5taW5lY3JhZnQubmV0L3RleHR1cmUvMzA0OTMxMjAwYWQ0NjBiNjUwYTE5MGU4ZDQxMjI3YzM5OTlmYmViOTMzYjUxY2E0OWZkOWU1OTIwZDFmOGU3ZCJ9fX0=\"}]}}}"
            }
          ]
        }
      ],
      "conditions": [
        {
          "condition": "killed_by_player"
        },
        {
          "condition": "random_chance_with_looting",
          "chance": 0.10,
          "looting_multiplier": 0.01
        }
      ]
    }
  ]
}
